"NO","ID","PASSWORD","PROFILE_IMAGE","THUMBNAIL_IMAGE","NICKNAME","AGE_RANGE","GENDER","REG_DATE"
81,"g","g","","","g","10~19","male",18/11/20
83,"i","i","","","i","10~19","female",18/11/20
87,"m","m","","","m","20~29","male",18/11/20
76,"b","b","","","b","10~19","female",18/11/20
90,"p","p","","","p","20~29","male",18/11/20
93,"t","t","","","t","30~39","male",18/11/20
95,"v","v","","","v","30~39","female",18/11/20
96,"w","w","","","w","30~39","female",18/11/20
100,"A","A","","","A","30~39","female",18/11/20
104,"E","E","","","E","40~49","male",18/11/20
105,"F","F","","","F","40~49","female",18/11/20
107,"H","H","","","H","40~49","male",18/11/20
115,"O","O","","","O","50~59","female",18/11/20
113,"M","M","","","M","50~59","male",18/11/20
114,"N","N","","","N","50~59","male",18/11/20
118,"R","R","","","R","60~69","male",18/11/20
120,"S","S","","","S","60~69","male",18/11/20
121,"T","T","","","T","60~69","female",18/11/20
123,"V","V","","","V","70~","male",18/11/20
126,"Y","Y","","","Y","70~","male",18/11/20
127,"Z","Z","","","Z","70~","male",18/11/20
1,"q","q","","","q","20~29","male",18/11/08
80,"f","f","","","f","10~19","male",18/11/20
82,"h","h","","","h","10~19","female",18/11/20
88,"n","n","","","n","20~29","female",18/11/20
89,"o","o","","","o","20~29","female",18/11/20
97,"x","x","","","x","30~39","male",18/11/20
98,"y","y","","","y","30~39","male",18/11/20
99,"z","z","","","z","30~39","female",18/11/20
101,"B","B","","","B","30~39","male",18/11/20
102,"C","C","","","C","40~49","female",18/11/20
77,"c","c","","","c","10~19","male",18/11/20
103,"D","D","","","D","40~49","male",18/11/20
109,"J","J","","","J","40~49","male",18/11/20
112,"L","L","","","L","50~59","male",18/11/20
116,"P","P","","","P","50~59","female",18/11/20
125,"X","X","","","X","70~","female",18/11/20
79,"e","e","","","e","10~19","female",18/11/20
75,"a","a","","","a","10~19","male",18/11/20
78,"d","d","","","d","10~19","female",18/11/20
84,"j","j","","","j","20~29","male",18/11/20
85,"k","k","","","k","20~29","male",18/11/20
86,"l","l","","","l","20~29","female",18/11/20
91,"r","r","","","r","20~29","male",18/11/20
92,"s","s","","","s","30~39","female",18/11/20
94,"u","u","","","u","30~39","male",18/11/20
106,"G","G","","","G","40~49","male",18/11/20
108,"I","I","","","I","40~49","male",18/11/20
111,"K","K","","","K","50~59","female",18/11/20
119,"Q","Q","","","Q","60~69","male",18/11/20
122,"U","U","","","U","60~69","female",18/11/20
124,"W","W","","","W","70~","female",18/11/20
